sample_id,session,asset,interval_start,interval_end,decision_time,target,return_1,return_1_available
2025-01-02::A,2025-01-02T00:00:00,A,2025-01-02T00:00:00,2025-01-02T00:00:00,2025-01-02T12:00:00,-0.01,-0.0100,2025-01-02T08:00:00
2025-01-02::B,2025-01-02T00:00:00,B,2025-01-02T00:00:00,2025-01-02T00:00:00,2025-01-02T12:00:00,0.00,0.0000,2025-01-02T08:00:00
2025-01-02::C,2025-01-02T00:00:00,C,2025-01-02T00:00:00,2025-01-02T00:00:00,2025-01-02T12:00:00,0.01,0.0100,2025-01-02T08:00:00
2025-01-03::A,2025-01-03T00:00:00,A,2025-01-03T00:00:00,2025-01-03T00:00:00,2025-01-03T12:00:00,-0.02,-0.0101,2025-01-03T08:00:00
2025-01-03::B,2025-01-03T00:00:00,B,2025-01-03T00:00:00,2025-01-03T00:00:00,2025-01-03T12:00:00,0.00,0.0000,2025-01-03T08:00:00
2025-01-03::C,2025-01-03T00:00:00,C,2025-01-03T00:00:00,2025-01-03T00:00:00,2025-01-03T12:00:00,0.02,0.0090,2025-01-03T08:00:00
2025-01-04::A,2025-01-04T00:00:00,A,2025-01-04T00:00:00,2025-01-04T00:00:00,2025-01-04T12:00:00,-0.03,-0.0102,2025-01-04T08:00:00
2025-01-04::B,2025-01-04T00:00:00,B,2025-01-04T00:00:00,2025-01-04T00:00:00,2025-01-04T12:00:00,0.00,0.0000,2025-01-04T08:00:00
2025-01-04::C,2025-01-04T00:00:00,C,2025-01-04T00:00:00,2025-01-04T00:00:00,2025-01-04T12:00:00,0.03,0.0089,2025-01-04T08:00:00
