sample_id,session,asset,interval_start,interval_end,decision_time,target,raw_close,raw_close_available
2025-01-02::A,2025-01-02T00:00:00,A,2025-01-02T00:00:00,2025-01-02T00:00:00,2025-01-02T12:00:00,-0.01,99.0,2025-01-02T08:00:00
2025-01-02::B,2025-01-02T00:00:00,B,2025-01-02T00:00:00,2025-01-02T00:00:00,2025-01-02T12:00:00,0.00,105.0,2025-01-02T08:00:00
2025-01-02::C,2025-01-02T00:00:00,C,2025-01-02T00:00:00,2025-01-02T00:00:00,2025-01-02T12:00:00,0.01,111.0,2025-01-02T08:00:00
2025-01-03::A,2025-01-03T00:00:00,A,2025-01-03T00:00:00,2025-01-03T00:00:00,2025-01-03T12:00:00,-0.02,98.0,2025-01-03T08:00:00
2025-01-03::B,2025-01-03T00:00:00,B,2025-01-03T00:00:00,2025-01-03T00:00:00,2025-01-03T12:00:00,0.00,105.0,2025-01-03T08:00:00
2025-01-03::C,2025-01-03T00:00:00,C,2025-01-03T00:00:00,2025-01-03T00:00:00,2025-01-03T12:00:00,0.02,112.0,2025-01-03T08:00:00
2025-01-04::A,2025-01-04T00:00:00,A,2025-01-04T00:00:00,2025-01-04T00:00:00,2025-01-04T12:00:00,-0.03,97.0,2025-01-04T08:00:00
2025-01-04::B,2025-01-04T00:00:00,B,2025-01-04T00:00:00,2025-01-04T00:00:00,2025-01-04T12:00:00,0.00,105.0,2025-01-04T08:00:00
2025-01-04::C,2025-01-04T00:00:00,C,2025-01-04T00:00:00,2025-01-04T00:00:00,2025-01-04T12:00:00,0.03,113.0,2025-01-04T08:00:00
